fid,CMAES,GA,GWO,JADE,LBFGSB,LSHADE,NLSHADE-RSP,PSO,SSA,SciPyDE,Spiral-LSHADE,jSO
1,False,False,False,False,False,False,False,False,False,False,False,False
2,False,False,False,False,False,False,False,False,False,False,False,False
3,False,False,False,False,False,False,False,False,False,False,False,False
4,False,False,False,False,False,False,False,False,False,False,False,False
5,False,False,False,False,False,False,False,False,False,False,False,False
6,False,False,False,False,False,False,False,False,False,False,False,False
7,False,False,False,False,False,False,False,False,False,False,False,False
8,False,False,False,False,False,False,False,False,False,False,False,False
9,False,False,False,False,False,False,False,False,False,False,False,False
10,False,False,False,False,False,False,False,False,False,False,False,False
11,False,False,False,False,False,False,False,False,False,False,False,False
12,False,False,False,False,False,False,False,False,False,False,False,False
